{
  "token_acc":1.0,
  "token_p":1.0,
  "token_r":1.0,
  "token_f":1.0,
  "cats_score":0.8946788515,
  "cats_score_desc":"macro F",
  "cats_micro_p":0.896,
  "cats_micro_r":0.896,
  "cats_micro_f":0.896,
  "cats_macro_p":0.8950518173,
  "cats_macro_r":0.8943355296,
  "cats_macro_f":0.8946788515,
  "cats_macro_auc":0.9604840864,
  "cats_f_per_type":{
    "droite":{
      "p":0.9032258065,
      "r":0.9097472924,
      "f":0.9064748201
    },
    "gauche":{
      "p":0.8868778281,
      "r":0.8789237668,
      "f":0.8828828829
    }
  },
  "cats_auc_per_type":{
    "droite":0.9604830746,
    "gauche":0.9604850982
  },
  "speed":495171.4860109159
}