key	total_docs	variants_json
crawl_lo_full_20250928_001323	62773	{"crawl-lo-full-20250928_001323": 62773}
crawl_revperm_20250928_003219	57155	{"crawl-revperm-20250928_003219": 57155}
crawl_initiative_communiste_20250928_003234	36973	{"crawl-initiative-communiste-20250928_003234": 36973}
crawl_contretemps_20250928_003525	19143	{"crawl-contretemps-20250928_003525": 19143}
crawl_polemia_20250928_003004	14235	{"crawl-polemia-20250928_003004": 14235}
crawl_ucl_20250928_003510	11802	{"crawl-ucl-20250928_003510": 11802}
crawl_lundi_am_20250928_003202	11767	{"crawl-lundi-am-20250928_003202": 11767}
crawl_jean_jaures_20250928_003513	11389	{"crawl-jean-jaures-20250928_003513": 11389}
crawl_lfi_full_20250928_000133	8853	{"crawl-lfi-full-20250928_000133": 8853}
crawl_npa_full_20250928_001251	8323	{"crawl-npa-full-20250928_001251": 8323}
crawl_terranova_20250928_003520	3760	{"crawl-terranova-20250928_003520": 3760}
crawl_lr_full_20250928_001404	961	{"crawl-lr-full-20250928_001404": 961}
crawl_ps_full_20250928_000302	803	{"crawl-ps-full-20250928_000302": 803}
crawl_eco_full_20250928_000354	674	{"crawl-eco-full-20250928_000354": 674}
crawl_rn_full_20250927_234616	456	{"crawl-rn-full-20250927_234616": 456}
crawl_cce_full_20250927_234505	163	{"crawl-cce-full-20250927_234505": 163}
